{"cameraMode":{"drawMode":0,"name":"Shaded","section":"Shading Mode"},"sceneLighting":true,"audioPlay":false,"sceneViewState":{"m_AlwaysRefresh":false,"showFog":true,"showSkybox":true,"showFlares":true,"showImageEffects":true,"showParticleSystems":true,"showVisualEffectGraphs":true,"m_FxEnabled":true},"in2DMode":false,"pivot":{"x":-0.8268253207206726,"y":0.5553796887397766,"z":-0.1405598670244217},"rotation":{"x":-0.05009816586971283,"y":0.9498924016952515,"z":-0.21590778231620789,"w":-0.22040793299674989},"size":6.570378303527832,"orthographic":true}